timestamp,theta_neck
16:00:00.000,0.84
16:00:00.314,0.82
16:00:00.628,0.8
16:00:00.942,7.04
16:00:01.256,0.24
16:00:01.570,4.1
16:00:01.884,0.85
16:00:02.198,0.83
16:00:02.512,0.82
16:00:02.826,4.32
16:00:03.140,22.7
16:00:03.454,33.84
16:00:03.768,32.6
16:00:04.082,34.5
16:00:04.396,32.78
16:00:04.710,35.03
16:00:05.024,34.16
16:00:05.338,34.0
16:00:05.652,34.47
16:00:05.966,35.41
16:00:06.280,35.35
16:00:06.594,34.74
16:00:06.908,33.55
16:00:07.222,36.43
16:00:07.536,30.8
16:00:07.850,23.93
16:00:08.164,26.08
16:00:08.478,20.09
16:00:08.792,17.74
16:00:09.106,20.57
16:00:09.420,19.73
16:00:09.734,19.89
16:00:10.048,20.51
16:00:10.362,24.07
16:00:10.676,21.9
16:00:10.990,20.02
16:00:11.304,22.45
16:00:11.618,22.38
16:00:11.932,31.88
16:00:12.246,35.85
16:00:12.560,38.4
16:00:12.874,37.89
16:00:13.188,37.88
16:00:13.502,37.63
16:00:13.816,37.62
16:00:14.130,37.12
16:00:14.444,39.14
16:00:14.758,42.29
16:00:15.072,33.76
16:00:15.386,35.93
16:00:15.700,33.91
16:00:16.014,13.89
16:00:16.328,18.01
16:00:16.642,12.34
16:00:16.956,14.8
16:00:17.270,22.85
16:00:17.584,13.38
16:00:17.898,12.07
16:00:18.212,13.62
16:00:18.526,19.12
16:00:18.840,18.62
16:00:19.154,12.61
16:00:19.468,16.81
16:00:19.782,11.02
16:00:20.096,23.36
16:00:20.410,19.74
16:00:20.724,15.74
16:00:21.038,21.47
16:00:21.352,30.06
16:00:21.666,40.87
16:00:21.980,37.94
16:00:22.294,41.58
16:00:22.608,40.62
16:00:22.922,41.81
16:00:23.236,42.28
16:00:23.550,35.28
16:00:23.864,30.66
16:00:24.178,23.41
16:00:24.492,14.08
16:00:24.806,18.05
16:00:25.120,33.04
16:00:25.434,23.23
16:00:25.748,19.64
16:00:26.062,4.52
16:00:26.376,11.12
16:00:26.690,9.21
16:00:27.004,14.07
16:00:27.318,22.61
16:00:27.632,31.3
16:00:27.946,33.81
16:00:28.260,38.99
16:00:28.574,42.97
16:00:28.888,39.9
16:00:29.202,42.51
16:00:29.516,42.05
16:00:29.830,43.92
16:00:30.144,41.1
16:00:30.458,39.9
16:00:30.772,39.91
16:00:31.086,37.71
16:00:31.400,42.52
16:00:31.714,41.1
16:00:32.028,38.21
16:00:32.342,42.99
16:00:32.656,42.04
16:00:32.970,44.14
16:00:33.284,36.59
16:00:33.598,33.6
16:00:33.912,31.76
16:00:34.226,26.66
16:00:34.540,23.38
16:00:34.854,17.16
16:00:35.168,20.99
16:00:35.482,11.91
16:00:35.796,19.33
16:00:36.110,23.4
16:00:36.424,12.23
16:00:36.738,7.63
16:00:37.052,9.28
16:00:37.366,12.12
16:00:37.680,13.21
16:00:37.994,10.39
16:00:38.308,21.53
16:00:38.622,20.21
16:00:38.936,20.76
16:00:39.250,22.65
16:00:39.564,19.01
16:00:39.878,18.38
16:00:40.192,19.2
16:00:40.506,19.09
16:00:40.820,18.83
16:00:41.134,16.26
16:00:41.448,17.44
16:00:41.762,16.56
16:00:42.076,15.76
16:00:42.390,23.47
16:00:42.704,23.06
16:00:43.018,20.42
16:00:43.332,14.78
16:00:43.646,20.19
16:00:43.960,22.65
16:00:44.274,21.3
16:00:44.588,21.83
16:00:44.902,23.79
16:00:45.216,19.07
16:00:45.530,19.25
16:00:45.844,10.52
16:00:46.158,15.98
16:00:46.472,21.29
16:00:46.786,24.18
16:00:47.100,27.89
16:00:47.414,26.08
16:00:47.728,30.06
16:00:48.042,30.77
16:00:48.356,35.09
16:00:48.670,34.66
16:00:48.984,33.95
16:00:49.298,33.91
16:00:49.612,34.39
16:00:49.926,31.35
16:00:50.240,34.43
16:00:50.554,33.52
16:00:50.868,35.1
16:00:51.182,36.93
16:00:51.496,31.96
16:00:51.810,21.79
16:00:52.124,20.74
16:00:52.438,24.11
16:00:52.752,20.97
16:00:53.066,17.7
16:00:53.380,7.85
16:00:53.694,14.22
16:00:54.008,17.36
16:00:54.322,24.68
16:00:54.636,36.17
16:00:54.950,39.65
16:00:55.264,40.35
16:00:55.578,39.09
16:00:55.892,34.32
16:00:56.206,34.83
16:00:56.520,36.54
16:00:56.834,34.76
16:00:57.148,38.62
16:00:57.462,42.29
16:00:57.776,36.87
16:00:58.090,32.94
16:00:58.404,30.98
16:00:58.718,30.78
16:00:59.032,25.6
16:00:59.346,11.41
16:00:59.660,3.51
16:00:59.974,6.54
16:01:00.288,0.81
16:01:00.602,2.04
16:01:00.916,8.36
16:01:01.230,11.47
16:01:01.544,11.96
16:01:01.858,16.27
16:01:02.172,11.73
16:01:02.486,17.92
16:01:02.800,5.62
16:01:03.114,7.6
16:01:03.428,1.01
16:01:03.742,5.25
16:01:04.056,5.58
16:01:04.370,2.69
16:01:04.684,0.76
16:01:04.998,0.31
16:01:05.312,1.65
16:01:05.626,8.78
16:01:05.940,6.88
16:01:06.254,10.63
16:01:06.568,7.89
16:01:06.882,11.9
16:01:07.196,14.86
16:01:07.510,26.63
16:01:07.824,19.35
16:01:08.138,20.47
16:01:08.452,13.93
16:01:08.766,11.26
16:01:09.080,16.74
16:01:09.394,22.83
16:01:09.708,10.29
16:01:10.022,13.97
16:01:10.336,16.06
16:01:10.650,19.2
16:01:10.964,19.15
16:01:11.278,17.88
16:01:11.592,16.92
16:01:11.906,19.35
16:01:12.220,15.94
16:01:12.534,20.85
16:01:12.848,23.81
16:01:13.162,24.07
16:01:13.476,21.87
16:01:13.790,29.58
16:01:14.104,27.89
16:01:14.418,35.41
16:01:14.732,37.44
16:01:15.046,36.94
16:01:15.360,36.16
16:01:15.674,36.33
16:01:15.988,36.84
16:01:16.302,37.1
16:01:16.616,36.63
16:01:16.930,38.12
16:01:17.244,36.09
16:01:17.558,38.15
16:01:17.872,36.49
16:01:18.186,31.18
16:01:18.500,23.01
16:01:18.814,9.69
16:01:19.128,2.6
16:01:19.442,0.77
16:01:19.756,7.47
16:01:20.070,0.79
16:01:20.384,3.66
16:01:20.698,1.94
16:01:21.012,0.76
16:01:21.326,0.82
16:01:21.640,1.52
16:01:21.954,3.81
16:01:22.268,0.79
16:01:22.582,1.81
16:01:22.896,8.83
16:01:23.210,0.81
16:01:23.524,5.01
16:01:23.838,8.56
16:01:24.152,0.81
16:01:24.466,0.79
16:01:24.780,9.84
16:01:25.094,11.7
16:01:25.408,2.59
16:01:25.722,7.98
16:01:26.036,0.79
16:01:26.350,0.79
16:01:26.664,1.07
16:01:26.978,1.3
16:01:27.292,0.79
16:01:27.606,9.4
16:01:27.920,0.8
16:01:28.234,4.91
16:01:28.548,1.56
16:01:28.862,0.79
16:01:29.176,0.79
16:01:29.490,0.79
16:01:29.804,7.27
16:01:30.118,24.16
16:01:30.432,26.0
16:01:30.746,29.01
16:01:31.060,28.61
16:01:31.374,29.59
16:01:31.688,27.46
16:01:32.002,28.09
16:01:32.316,29.53
16:01:32.630,34.49
16:01:32.944,38.98
16:01:33.258,41.84
16:01:33.572,39.78
16:01:33.886,42.61
16:01:34.200,40.82
16:01:34.514,41.59
16:01:34.828,44.36
16:01:35.142,44.24
16:01:35.456,38.52
16:01:35.770,17.97
16:01:36.084,2.05
16:01:36.398,10.86
16:01:36.712,0.15
16:01:37.026,0.79
16:01:37.340,0.75
16:01:37.654,0.77
16:01:37.968,4.01
16:01:38.282,0.78
16:01:38.596,4.59
16:01:38.910,3.34
16:01:39.224,2.04
16:01:39.538,3.09
16:01:39.852,3.84
16:01:40.166,2.29
16:01:40.480,0.79
16:01:40.794,0.81
16:01:41.108,0.81
16:01:41.422,0.8
16:01:41.736,0.73
16:01:42.050,0.69
16:01:42.364,0.66
16:01:42.678,0.69
16:01:42.992,0.81
16:01:43.306,0.76
16:01:43.620,13.24
16:01:43.934,0.78
16:01:44.248,5.56
16:01:44.562,1.21
16:01:44.876,5.06
16:01:45.190,5.73
16:01:45.504,6.03
16:01:45.818,7.34
16:01:46.132,29.07
16:01:46.446,35.31
16:01:46.760,34.98
16:01:47.074,37.69
16:01:47.388,34.23
16:01:47.702,33.71
16:01:48.016,32.09
16:01:48.330,37.05
16:01:48.644,29.4
16:01:48.958,23.6
16:01:49.272,32.33
16:01:49.586,27.77
16:01:49.900,26.44
16:01:50.214,26.32
16:01:50.528,19.28
16:01:50.842,26.98
16:01:51.156,21.16
16:01:51.470,19.74
16:01:51.784,9.03
16:01:52.098,15.92
16:01:52.412,15.49
16:01:52.726,15.76
16:01:53.040,13.69
16:01:53.354,11.16
16:01:53.668,5.76
16:01:53.982,8.81
16:01:54.296,11.22
16:01:54.610,12.5
16:01:54.924,15.36
16:01:55.238,32.79
16:01:55.552,35.57
16:01:55.866,37.44
16:01:56.180,34.45
16:01:56.494,36.46
16:01:56.808,33.6
16:01:57.122,33.42
16:01:57.436,33.39
16:01:57.750,36.44
16:01:58.064,28.29
16:01:58.378,30.1
16:01:58.692,7.73
16:01:59.006,22.99
16:01:59.320,17.74
16:01:59.634,5.87
16:01:59.948,13.94
16:02:00.262,21.32
16:02:00.576,23.32
16:02:00.890,29.21
16:02:01.204,19.52
16:02:01.518,18.29
16:02:01.832,22.97
16:02:02.146,18.15
16:02:02.460,20.6
16:02:02.774,24.23
16:02:03.088,33.41
16:02:03.402,21.24
16:02:03.716,24.58
16:02:04.030,22.62
16:02:04.344,29.25
16:02:04.658,22.9
16:02:04.972,22.18
16:02:05.286,30.52
16:02:05.600,17.79
16:02:05.914,23.99
16:02:06.228,11.06
16:02:06.542,0.1
16:02:06.856,0.75
16:02:07.170,7.98
16:02:07.484,9.21
16:02:07.798,16.68
16:02:08.112,28.5
16:02:08.426,36.36
16:02:08.740,40.38
16:02:09.054,39.37
16:02:09.368,36.83
16:02:09.682,41.33
16:02:09.996,40.61
16:02:10.310,43.54
16:02:10.624,39.4
16:02:10.938,34.14
16:02:11.252,29.53
16:02:11.566,21.58
16:02:11.880,17.03
16:02:12.194,13.87
16:02:12.508,18.15
16:02:12.822,18.48
16:02:13.136,14.66
16:02:13.450,14.14
16:02:13.764,16.38
16:02:14.078,15.18
16:02:14.392,16.93
16:02:14.706,16.93
16:02:15.020,25.29
16:02:15.334,15.15
16:02:15.648,19.37
16:02:15.962,17.13
16:02:16.276,22.42
16:02:16.590,21.51
16:02:16.904,16.5
16:02:17.218,27.73
16:02:17.532,19.23
16:02:17.846,23.54
16:02:18.160,21.07
16:02:18.474,20.67
16:02:18.788,25.02
16:02:19.102,26.13
16:02:19.416,29.04
16:02:19.730,19.76
16:02:20.044,32.62
16:02:20.358,29.33
16:02:20.672,26.92
16:02:20.986,26.95
16:02:21.300,18.8
16:02:21.614,23.3
16:02:21.928,15.82
16:02:22.242,19.73
16:02:22.556,29.48
16:02:22.870,25.68
16:02:23.184,19.48
16:02:23.498,28.66
16:02:23.812,23.82
16:02:24.126,18.39
16:02:24.440,22.46
16:02:24.754,23.67
16:02:25.068,22.67
16:02:25.382,21.74
16:02:25.696,35.29
16:02:26.010,42.3
16:02:26.324,40.6
16:02:26.638,41.33
16:02:26.952,40.08
16:02:27.266,44.29
16:02:27.580,45.52
16:02:27.894,42.82
16:02:28.208,40.15
16:02:28.522,7.53
16:02:28.836,14.75
16:02:29.150,0.76
16:02:29.464,0.79
16:02:29.778,0.78
16:02:30.092,0.77
16:02:30.406,0.79
16:02:30.720,0.78
16:02:31.034,0.81
16:02:31.348,0.77
16:02:31.662,0.79
16:02:31.976,0.78
16:02:32.290,9.83
16:02:32.604,0.79
16:02:32.918,0.79
16:02:33.232,0.78
16:02:33.546,0.78
16:02:33.860,0.76
16:02:34.174,0.78
16:02:34.488,0.78
16:02:34.802,0.77
16:02:35.116,0.77
16:02:35.430,4.09
16:02:35.744,0.77
16:02:36.058,0.76
16:02:36.372,0.76
16:02:36.686,0.77
16:02:37.000,0.79
16:02:37.314,0.82
16:02:37.628,0.82
16:02:37.942,12.34
16:02:38.256,3.1
16:02:38.570,0.85
16:02:38.884,0.87
16:02:39.198,0.9
16:02:39.512,0.97
16:02:39.826,0.98
16:02:40.140,1.04
16:02:40.454,1.04
16:02:40.768,1.09
16:02:41.082,1.1
16:02:41.396,1.18
16:02:41.710,1.16
16:02:42.024,1.11
16:02:42.338,0.98
16:02:42.652,1.0
16:02:42.966,0.91
16:02:43.280,0.92
16:02:43.594,0.94
16:02:43.908,0.89
16:02:44.222,0.87
16:02:44.536,0.89
16:02:44.850,0.93
16:02:45.164,0.9
16:02:45.478,0.93
16:02:45.792,1.05
16:02:46.106,1.02
16:02:46.420,1.09
16:02:46.734,0.93
16:02:47.048,16.38
16:02:47.362,0.06
16:02:47.676,13.59
16:02:47.990,13.69
16:02:48.304,13.05
16:02:48.618,8.75
16:02:48.932,12.83
16:02:49.246,7.31
16:02:49.560,4.59
16:02:49.874,7.09
16:02:50.188,4.3
16:02:50.502,0.83
16:02:50.816,0.83
16:02:51.130,2.94
16:02:51.444,7.35
16:02:51.758,25.05
16:02:52.072,26.08
16:02:52.386,18.75
16:02:52.700,19.41
16:02:53.014,24.04
16:02:53.328,24.48
16:02:53.642,25.36
16:02:53.956,25.53
16:02:54.270,25.4
16:02:54.584,22.9
16:02:54.898,18.61
16:02:55.212,20.05
16:02:55.526,20.6
16:02:55.840,18.95
16:02:56.154,15.41
16:02:56.468,18.94
16:02:56.782,24.78
16:02:57.096,22.54
16:02:57.410,34.69
16:02:57.724,37.02
16:02:58.038,39.4
16:02:58.352,36.36
16:02:58.666,35.76
16:02:58.980,38.01
16:02:59.294,37.01
16:02:59.608,40.83
16:02:59.922,43.07
16:03:00.236,45.4
16:03:00.550,37.2
16:03:00.864,33.61
16:03:01.178,19.05
16:03:01.492,11.84
16:03:01.806,13.11
16:03:02.120,12.11
16:03:02.434,6.81
16:03:02.748,21.98
16:03:03.062,11.84
16:03:03.376,21.0
16:03:03.690,19.7
16:03:04.004,23.25
16:03:04.318,22.82
16:03:04.632,22.34
16:03:04.946,23.3
16:03:05.260,34.37
16:03:05.574,28.53
16:03:05.888,39.22
16:03:06.202,32.98
16:03:06.516,35.21
16:03:06.830,24.58
16:03:07.144,13.51
16:03:07.458,13.0
16:03:07.772,14.94
16:03:08.086,11.36
16:03:08.400,22.94
16:03:08.714,21.31
16:03:09.028,25.75
16:03:09.342,16.78
16:03:09.656,20.13
16:03:09.970,26.41
16:03:10.284,38.48
16:03:10.598,39.13
16:03:10.912,37.85
16:03:11.226,36.82
16:03:11.540,39.81
16:03:11.854,39.33
16:03:12.168,39.06
16:03:12.482,36.33
16:03:12.796,33.57
16:03:13.110,35.63
16:03:13.424,34.7
16:03:13.738,36.17
16:03:14.052,25.4
16:03:14.366,8.39
16:03:14.680,6.45
16:03:14.994,9.94
16:03:15.308,1.58
16:03:15.622,6.11
16:03:15.936,3.66
16:03:16.250,5.58
16:03:16.564,10.46
16:03:16.878,7.23
16:03:17.192,7.11
16:03:17.506,21.47
16:03:17.820,14.75
16:03:18.134,6.85
16:03:18.448,6.33
16:03:18.762,14.89
16:03:19.076,16.96
16:03:19.390,17.97
16:03:19.704,10.71
16:03:20.018,8.33
16:03:20.332,15.66
16:03:20.646,10.39
16:03:20.960,17.1
16:03:21.274,6.27
16:03:21.588,0.88
16:03:21.902,3.2
16:03:22.216,6.19
16:03:22.530,13.11
16:03:22.844,14.53
16:03:23.158,20.21
16:03:23.472,20.09
16:03:23.786,13.05
16:03:24.100,15.81
16:03:24.414,7.31
16:03:24.728,12.23
16:03:25.042,14.68
16:03:25.356,21.13
16:03:25.670,24.92
16:03:25.984,35.12
16:03:26.298,35.12
16:03:26.612,34.19
16:03:26.926,34.4
16:03:27.240,35.38
16:03:27.554,35.38
16:03:27.868,33.46
16:03:28.182,35.03
16:03:28.496,35.18
16:03:28.810,30.2
16:03:29.124,14.11
16:03:29.438,1.24
16:03:29.752,0.81
16:03:30.066,3.03
16:03:30.380,7.53
16:03:30.694,1.68
16:03:31.008,12.18
16:03:31.322,7.95
16:03:31.636,4.85
16:03:31.950,16.37
16:03:32.264,7.11
16:03:32.578,19.15
16:03:32.892,5.44
16:03:33.206,3.99
16:03:33.520,5.64
16:03:33.834,7.48
16:03:34.148,8.87
16:03:34.462,18.85
16:03:34.776,15.82
16:03:35.090,21.32
16:03:35.404,24.99
16:03:35.718,20.98
16:03:36.032,0.68
16:03:36.346,0.72
16:03:36.660,0.67
16:03:36.974,0.7
16:03:37.288,0.72
16:03:37.602,0.69
16:03:37.916,0.69
16:03:38.230,0.68
16:03:38.544,0.67
16:03:38.858,0.82
16:03:39.172,0.85
16:03:39.486,0.87
16:03:39.800,2.5
16:03:40.114,4.43
16:03:40.428,5.81
16:03:40.742,3.7
16:03:41.056,2.92
16:03:41.370,1.86
16:03:41.684,0.72
16:03:41.998,0.69
16:03:42.312,0.68
16:03:42.626,0.68
16:03:42.940,15.77
16:03:43.254,0.85
16:03:43.568,0.92
16:03:43.882,16.97
16:03:44.196,20.36
16:03:44.510,17.54
16:03:44.824,0.9
16:03:45.138,1.18
16:03:45.452,1.18
16:03:45.766,1.12
16:03:46.080,1.09
16:03:46.394,1.16
16:03:46.708,0.94
16:03:47.022,0.7
16:03:47.336,0.93
16:03:47.650,0.9
16:03:47.964,11.32
16:03:48.278,43.47
16:03:48.592,48.17
16:03:48.906,44.84
16:03:49.220,45.39
16:03:49.534,36.72
16:03:49.848,24.04
16:03:50.162,0.75
16:03:50.476,0.75
16:03:50.790,0.77
16:03:51.104,0.63
16:03:51.418,0.73
16:03:51.732,0.41
16:03:52.046,0.56
16:03:52.360,0.63
16:03:52.674,0.58
16:03:52.988,0.62
16:03:53.302,0.58
16:03:53.616,0.54
16:03:53.930,0.58
16:03:54.244,12.0
16:03:54.558,11.99
16:03:54.872,18.72
16:03:55.186,39.5
16:03:55.500,35.57
16:03:55.814,35.05
16:03:56.128,17.59
16:03:56.442,22.46
16:03:56.756,44.99
16:03:57.070,47.22
16:03:57.384,36.14
16:03:57.698,1.2
16:03:58.012,0.66
16:03:58.326,0.72
16:03:58.640,0.77
16:03:58.954,0.81
16:03:59.268,0.82
16:03:59.582,0.84
16:03:59.896,0.83
16:04:00.210,0.85
16:04:00.524,0.89
16:04:00.838,0.92
16:04:01.152,0.87
16:04:01.466,0.87
16:04:01.780,0.88
16:04:02.094,0.88
16:04:02.408,0.92
16:04:02.722,16.18
16:04:03.036,4.99
16:04:03.350,14.58
16:04:03.664,0.88
16:04:03.978,0.93
16:04:04.292,0.97
16:04:04.606,1.0
16:04:04.920,0.93
16:04:05.234,0.89
16:04:05.548,0.91
16:04:05.862,0.94
16:04:06.176,0.94
16:04:06.490,0.9
16:04:06.804,0.89
16:04:07.118,0.93
16:04:07.432,0.93
16:04:07.746,0.95
16:04:08.060,0.94
16:04:08.374,0.93
16:04:08.688,0.92
16:04:09.002,0.9
16:04:09.316,0.94
16:04:09.630,0.96
16:04:09.944,26.86
16:04:10.258,0.97
16:04:10.572,0.96
16:04:10.886,0.9
16:04:11.200,0.9
16:04:11.514,8.96
16:04:11.828,14.56
16:04:12.142,26.38
16:04:12.456,28.34
16:04:12.770,38.61
16:04:13.084,35.82
16:04:13.398,37.59
16:04:13.712,36.84
16:04:14.026,35.14
16:04:14.340,36.6
16:04:14.654,36.84
16:04:14.968,36.6
16:04:15.282,38.86
16:04:15.596,36.33
16:04:15.910,37.37
16:04:16.224,37.63
16:04:16.538,37.11
16:04:16.852,35.72
16:04:17.166,35.02
16:04:17.480,24.26
16:04:17.794,6.81
16:04:18.108,0.85
16:04:18.422,0.86
16:04:18.736,0.85
16:04:19.050,0.85
16:04:19.364,21.39
16:04:19.678,22.11
16:04:19.992,0.82
16:04:20.306,0.84
16:04:20.620,0.83
16:04:20.934,0.85
16:04:21.248,0.86
16:04:21.562,0.82
16:04:21.876,0.85
16:04:22.190,0.84
16:04:22.504,0.81
16:04:22.818,0.82
16:04:23.132,0.82
16:04:23.446,0.84
16:04:23.760,0.85
16:04:24.074,0.84
16:04:24.388,0.82
16:04:24.702,0.83
16:04:25.016,0.82
16:04:25.330,0.54
16:04:25.644,0.42
16:04:25.958,0.63
16:04:26.272,0.79
16:04:26.586,0.81
16:04:26.900,0.84
16:04:27.214,0.9
16:04:27.528,0.76
16:04:27.842,1.78
16:04:28.156,9.99
16:04:28.470,18.84
16:04:28.784,9.58
16:04:29.098,0.34
16:04:29.412,0.47
16:04:29.726,0.48
16:04:30.040,0.48
16:04:30.354,3.8
16:04:30.668,3.5
16:04:30.982,9.44
16:04:31.296,0.43
16:04:31.610,0.65
16:04:31.924,0.57
16:04:32.238,0.57
16:04:32.552,0.58
16:04:32.866,0.54
16:04:33.180,0.51
16:04:33.494,0.51
16:04:33.808,0.51
16:04:34.122,0.44
16:04:34.436,0.47
16:04:34.750,16.04
16:04:35.064,20.9
16:04:35.378,22.78
16:04:35.692,16.53
16:04:36.006,24.31
16:04:36.320,31.88
16:04:36.634,37.31
16:04:36.948,29.28
16:04:37.262,36.58
16:04:37.576,36.79
16:04:37.890,33.83
16:04:38.204,39.92
16:04:38.518,38.04
16:04:38.832,37.81
16:04:39.146,36.44
16:04:39.460,29.91
16:04:39.774,24.47
16:04:40.088,19.58
16:04:40.402,16.67
16:04:40.716,18.2
16:04:41.030,20.49
16:04:41.344,13.24
16:04:41.658,26.74
16:04:41.972,18.58
16:04:42.286,27.32
16:04:42.600,32.62
16:04:42.914,37.46
16:04:43.228,37.7
16:04:43.542,37.71
16:04:43.856,40.14
16:04:44.170,37.71
16:04:44.484,37.69
16:04:44.798,40.14
16:04:45.112,38.18
16:04:45.426,40.86
16:04:45.740,35.76
16:04:46.054,38.42
16:04:46.368,32.78
16:04:46.682,18.35
16:04:46.996,7.6
16:04:47.310,8.21
16:04:47.624,0.59
16:04:47.938,0.6
16:04:48.252,8.66
16:04:48.566,1.07
16:04:48.880,3.23
16:04:49.194,8.12
16:04:49.508,1.24
16:04:49.822,0.66
16:04:50.136,0.64
16:04:50.450,0.65
16:04:50.764,0.65
16:04:51.078,0.69
16:04:51.392,0.66
16:04:51.706,0.66
16:04:52.020,0.66
16:04:52.334,0.68
16:04:52.648,0.63
16:04:52.962,3.41
16:04:53.276,6.25
16:04:53.590,8.97
16:04:53.904,0.69
16:04:54.218,27.34
16:04:54.532,36.97
16:04:54.846,37.86
16:04:55.160,36.93
16:04:55.474,33.62
16:04:55.788,37.15
16:04:56.102,33.84
16:04:56.416,33.8
16:04:56.730,37.58
16:04:57.044,38.3
16:04:57.358,30.89
16:04:57.672,16.89
16:04:57.986,18.86
16:04:58.300,0.98
16:04:58.614,0.92
16:04:58.928,0.89
16:04:59.242,0.84
16:04:59.556,0.85
16:04:59.870,7.91
16:05:00.184,0.81
16:05:00.498,19.23
16:05:00.812,24.89
16:05:01.126,23.74
16:05:01.440,21.02
16:05:01.754,20.76
16:05:02.068,17.18
16:05:02.382,16.6
16:05:02.696,14.15
16:05:03.010,16.63
16:05:03.324,16.12
16:05:03.638,18.05
16:05:03.952,28.73
16:05:04.266,30.18
16:05:04.580,32.14
16:05:04.894,26.72
16:05:05.208,18.11
16:05:05.522,16.68
16:05:05.836,10.88
16:05:06.150,1.38
16:05:06.464,0.86
16:05:06.778,0.53
16:05:07.092,18.55
16:05:07.406,20.68
16:05:07.720,34.47
16:05:08.034,31.06
16:05:08.348,32.7
16:05:08.662,30.91
16:05:08.976,35.2
16:05:09.290,35.77
16:05:09.604,32.1
16:05:09.918,7.35
16:05:10.232,1.33
16:05:10.546,22.56
16:05:10.860,19.15
16:05:11.174,12.77
16:05:11.488,0.36
16:05:11.802,2.97
16:05:12.116,1.48
16:05:12.430,3.35
16:05:12.744,8.72
16:05:13.058,21.54
16:05:13.372,15.93
16:05:13.686,0.76
16:05:14.000,4.93
16:05:14.314,0.77
16:05:14.628,0.77
16:05:14.942,0.73
16:05:15.256,30.03
16:05:15.570,33.81
16:05:15.884,38.95
16:05:16.198,37.64
16:05:16.512,36.93
16:05:16.826,38.04
16:05:17.140,24.28
16:05:17.454,8.81
16:05:17.768,3.86
16:05:18.082,9.5
16:05:18.396,14.84
16:05:18.710,30.13
16:05:19.024,32.42
16:05:19.338,36.38
16:05:19.652,33.66
16:05:19.966,36.6
16:05:20.280,36.57
16:05:20.594,35.51
16:05:20.908,26.69
16:05:21.222,1.06
16:05:21.536,0.87
16:05:21.850,0.82
16:05:22.164,0.83
16:05:22.478,0.83
16:05:22.792,25.68
16:05:23.106,0.89
16:05:23.420,0.89
16:05:23.734,0.94
16:05:24.048,0.98
16:05:24.362,0.9
16:05:24.676,0.86
16:05:24.990,0.86
16:05:25.304,0.82
16:05:25.618,0.83
16:05:25.932,0.84
16:05:26.246,0.83
16:05:26.560,10.28
16:05:26.874,10.51
16:05:27.188,16.48
16:05:27.502,26.32
16:05:27.816,27.16
16:05:28.130,32.27
16:05:28.444,31.34
16:05:28.758,34.11
16:05:29.072,33.98
16:05:29.386,36.74
16:05:29.700,36.72
16:05:30.014,37.49
16:05:30.328,32.57
16:05:30.642,29.49
16:05:30.956,20.53
16:05:31.270,4.4
16:05:31.584,0.95
16:05:31.898,1.06
16:05:32.212,0.99
16:05:32.526,0.93
16:05:32.840,0.92
16:05:33.154,0.93
16:05:33.468,1.08
16:05:33.782,1.06
16:05:34.096,1.05
16:05:34.410,0.55
16:05:34.724,0.74
16:05:35.038,0.7
16:05:35.352,0.67
16:05:35.666,0.52
16:05:35.980,0.55
16:05:36.294,0.66
16:05:36.608,0.66
16:05:36.922,0.69
16:05:37.236,14.12
16:05:37.550,6.23
16:05:37.864,0.7
16:05:38.178,0.75
16:05:38.492,0.05
16:05:38.806,0.31
16:05:39.120,0.4
16:05:39.434,0.43
16:05:39.748,0.83
16:05:40.062,6.76
16:05:40.376,0.85
16:05:40.690,10.24
16:05:41.004,6.56
16:05:41.318,5.02
16:05:41.632,8.4
16:05:41.946,8.95
16:05:42.260,10.21
16:05:42.574,7.74
16:05:42.888,8.55
16:05:43.202,11.29
16:05:43.516,4.5
16:05:43.830,6.93
16:05:44.144,6.89
16:05:44.458,5.26
16:05:44.772,9.13
16:05:45.086,3.41
16:05:45.400,14.27
16:05:45.714,7.92
16:05:46.028,2.36
16:05:46.342,6.65
16:05:46.656,4.87
16:05:46.970,5.72
16:05:47.284,6.3
16:05:47.598,9.46
16:05:47.912,11.83
16:05:48.226,10.88
16:05:48.540,16.82
16:05:48.854,56.56
16:05:49.168,36.39
16:05:49.482,23.71
16:05:49.796,34.05
16:05:50.110,34.79
16:05:50.424,33.18
16:05:50.738,37.34
16:05:51.052,33.8
16:05:51.366,35.72
16:05:51.680,31.88
16:05:51.994,25.36
16:05:52.308,14.59
16:05:52.622,11.84
16:05:52.936,21.32
16:05:53.250,22.22
16:05:53.564,26.89
16:05:53.878,20.04
16:05:54.192,21.1
16:05:54.506,31.68
16:05:54.820,22.82
16:05:55.134,23.88
16:05:55.448,24.92
16:05:55.762,24.12
16:05:56.076,23.71
16:05:56.390,28.37
16:05:56.704,30.52
16:05:57.018,32.16
16:05:57.332,31.57
16:05:57.646,33.91
16:05:57.960,33.91
16:05:58.274,29.15
16:05:58.588,20.17
16:05:58.902,14.17
16:05:59.216,16.63
16:05:59.530,26.56
16:05:59.844,33.81
16:06:00.158,33.21
16:06:00.472,36.81
16:06:00.786,33.19
16:06:01.100,38.96
16:06:01.414,38.48
16:06:01.728,35.0
16:06:02.042,37.85
16:06:02.356,26.61
16:06:02.670,16.26
16:06:02.984,4.79
16:06:03.298,3.76
16:06:03.612,9.2
16:06:03.926,7.35
16:06:04.240,5.64
16:06:04.554,5.48
16:06:04.868,3.61
16:06:05.182,4.72
16:06:05.496,1.44
16:06:05.810,0.76
16:06:06.124,0.75
16:06:06.438,0.69
16:06:06.752,0.67
16:06:07.066,0.66
16:06:07.380,4.35
16:06:07.694,23.52
16:06:08.008,25.97
16:06:08.322,26.95
16:06:08.636,40.63
16:06:08.950,39.68
16:06:09.264,38.95
16:06:09.578,40.86
16:06:09.892,36.53
16:06:10.206,39.66
16:06:10.520,40.86
16:06:10.834,33.84
16:06:11.148,38.22
16:06:11.462,42.76
16:06:11.776,39.18
16:06:12.090,38.21
16:06:12.404,36.74
16:06:12.718,35.87
16:06:13.032,39.42
16:06:13.346,36.3
16:06:13.660,34.87
16:06:13.974,37.75
16:06:14.288,24.1
16:06:14.602,0.86
16:06:14.916,0.97
16:06:15.230,0.92
16:06:15.544,0.88
16:06:15.858,0.9
16:06:16.172,0.9
16:06:16.486,0.82
16:06:16.800,0.84
16:06:17.114,0.87
16:06:17.428,0.87
16:06:17.742,0.87
16:06:18.056,0.88
16:06:18.370,0.84
16:06:18.684,0.82
16:06:18.998,0.81
16:06:19.312,0.78
16:06:19.626,0.81
16:06:19.940,0.81
16:06:20.254,4.52
16:06:20.568,3.15
16:06:20.882,11.87
16:06:21.196,14.73
16:06:21.510,12.34
16:06:21.824,0.81
16:06:22.138,19.89
16:06:22.452,11.43
16:06:22.766,0.87
16:06:23.080,0.81
16:06:23.394,0.79
16:06:23.708,0.71
16:06:24.022,0.78
16:06:24.336,8.84
16:06:24.650,0.79
16:06:24.964,1.14
16:06:25.278,0.77
16:06:25.592,0.73
16:06:25.906,0.7
16:06:26.220,0.69
16:06:26.534,0.81
16:06:26.848,0.81
16:06:27.162,0.79
16:06:27.476,14.77
16:06:27.790,0.79
16:06:28.104,0.68
16:06:28.418,0.7
16:06:28.732,0.55
16:06:29.046,0.7
16:06:29.360,0.77
16:06:29.674,0.82
16:06:29.988,0.81
16:06:30.302,0.78
16:06:30.616,0.79
16:06:30.930,0.77
16:06:31.244,0.77
16:06:31.558,0.77
16:06:31.872,0.76
16:06:32.186,0.75
16:06:32.500,0.78
16:06:32.814,0.76
16:06:33.128,0.83
16:06:33.442,0.83
16:06:33.756,0.83
16:06:34.070,9.9
16:06:34.384,0.76
16:06:34.698,0.77
16:06:35.012,2.69
16:06:35.326,4.3
16:06:35.640,3.57
16:06:35.954,12.33
16:06:36.268,0.8
16:06:36.582,12.73
16:06:36.896,8.54
16:06:37.210,8.51
16:06:37.524,4.52
16:06:37.838,11.84
16:06:38.152,7.29
16:06:38.466,14.92
16:06:38.780,17.3
16:06:39.094,15.24
16:06:39.408,12.44
16:06:39.722,0.73
16:06:40.036,0.68
16:06:40.350,0.7
16:06:40.664,0.68
16:06:40.978,0.63
16:06:41.292,0.66
16:06:41.606,0.66
16:06:41.920,0.65
16:06:42.234,0.64
16:06:42.548,0.63
16:06:42.862,0.61
16:06:43.176,0.62
16:06:43.490,0.64
16:06:43.804,0.63
16:06:44.118,0.62
16:06:44.432,0.63
16:06:44.746,0.63
16:06:45.060,0.64
16:06:45.374,0.62
16:06:45.688,0.64
16:06:46.002,0.63
16:06:46.316,0.63
16:06:46.630,0.62
16:06:46.944,0.64
16:06:47.258,0.61
16:06:47.572,0.65
16:06:47.886,0.62
16:06:48.200,0.65
16:06:48.514,0.63
16:06:48.828,0.65
16:06:49.142,0.62
16:06:49.456,0.61
16:06:49.770,0.6
16:06:50.084,19.45
16:06:50.398,0.63
16:06:50.712,0.61
16:06:51.026,17.78
16:06:51.340,0.61
16:06:51.654,0.63
16:06:51.968,0.62
16:06:52.282,0.62
16:06:52.596,0.62
16:06:52.910,0.63
16:06:53.224,0.6
16:06:53.538,0.58
16:06:53.852,0.61
16:06:54.166,0.62
16:06:54.480,0.61
16:06:54.794,0.59
16:06:55.108,0.58
16:06:55.422,0.57
16:06:55.736,0.58
16:06:56.050,0.57
16:06:56.364,0.56
16:06:56.678,0.56
16:06:56.992,0.55
16:06:57.306,0.56
16:06:57.620,0.56
16:06:57.934,0.53
16:06:58.248,0.54
16:06:58.562,0.58
16:06:58.876,0.56
16:06:59.190,0.58
16:06:59.504,0.66
16:06:59.818,0.66
16:07:00.132,0.66
16:07:00.446,8.01
16:07:00.760,15.48
16:07:01.074,0.55
16:07:01.388,0.46
16:07:01.702,0.49
16:07:02.016,0.49
16:07:02.330,0.46
16:07:02.644,0.5
16:07:02.958,0.54
16:07:03.272,0.58
16:07:03.586,0.59
16:07:03.900,0.58
16:07:04.214,0.58
16:07:04.528,0.62
16:07:04.842,1.46
16:07:05.156,0.19
16:07:05.470,4.66
16:07:05.784,12.24
16:07:06.098,4.22
16:07:06.412,0.73
16:07:06.726,6.08
16:07:07.040,26.95
16:07:07.354,33.73
16:07:07.668,30.14
16:07:07.982,36.8
16:07:08.296,38.51
16:07:08.610,27.77
16:07:08.924,0.56
16:07:09.238,14.04
16:07:09.552,23.33
16:07:09.866,19.64
16:07:10.180,7.62
16:07:10.494,19.89
16:07:10.808,37.12
16:07:11.122,38.77
16:07:11.436,37.14
16:07:11.750,39.76
16:07:12.064,39.27
16:07:12.378,32.83
16:07:12.692,33.7
16:07:13.006,40.18
16:07:13.320,35.5
16:07:13.634,35.34
16:07:13.948,35.43
16:07:14.262,31.43
16:07:14.576,29.32
16:07:14.890,14.53
16:07:15.204,23.8
16:07:15.518,27.92
16:07:15.832,22.22
16:07:16.146,0.71
16:07:16.460,0.72
16:07:16.774,0.78
16:07:17.088,0.8
16:07:17.402,0.75
16:07:17.716,0.24
16:07:18.030,7.44
16:07:18.344,20.76
16:07:18.658,22.56
16:07:18.972,24.42
16:07:19.286,17.23
16:07:19.600,21.49
16:07:19.914,2.04
16:07:20.228,0.75
16:07:20.542,0.76
16:07:20.856,0.79
16:07:21.170,0.84
16:07:21.484,0.85
16:07:21.798,0.87
16:07:22.112,0.85
16:07:22.426,0.72
16:07:22.740,0.7
16:07:23.054,0.7
16:07:23.368,0.83
16:07:23.682,0.8
16:07:23.996,7.26
16:07:24.310,23.36
16:07:24.624,35.77
16:07:24.938,39.36
16:07:25.252,38.34
16:07:25.566,35.54
16:07:25.880,38.38
16:07:26.194,39.11
16:07:26.508,39.63
16:07:26.822,38.67
16:07:27.136,24.92
16:07:27.450,0.73
16:07:27.764,0.78
16:07:28.078,0.91
16:07:28.392,0.96
16:07:28.706,0.96
16:07:29.020,0.94
16:07:29.334,0.93
16:07:29.648,0.98
16:07:29.962,0.91
16:07:30.276,1.02
16:07:30.590,1.19
16:07:30.904,1.31
16:07:31.218,1.22
16:07:31.532,1.22
16:07:31.846,1.22
16:07:32.160,1.31
16:07:32.474,1.31
16:07:32.788,1.14
16:07:33.102,0.96
16:07:33.416,1.0
16:07:33.730,1.01
16:07:34.044,0.82
16:07:34.358,1.2
16:07:34.672,1.3
16:07:34.986,1.1
16:07:35.300,0.66
16:07:35.614,0.85
16:07:35.928,0.62
16:07:36.242,0.64
16:07:36.556,0.62
16:07:36.870,0.58
16:07:37.184,0.59
16:07:37.498,0.6
16:07:37.812,0.66
16:07:38.126,0.76
16:07:38.440,0.78
16:07:38.754,0.79
16:07:39.068,0.79
16:07:39.382,0.81
16:07:39.696,0.79
16:07:40.010,0.78
16:07:40.324,0.81
16:07:40.638,0.78
16:07:40.952,0.79
16:07:41.266,0.8
16:07:41.580,0.77
16:07:41.894,2.59
16:07:42.208,29.5
16:07:42.522,39.83
16:07:42.836,44.87
16:07:43.150,44.66
16:07:43.464,46.66
16:07:43.778,45.08
16:07:44.092,42.08
16:07:44.406,34.98
16:07:44.720,32.47
16:07:45.034,28.58
16:07:45.348,28.81
16:07:45.662,0.58
16:07:45.976,0.54
16:07:46.290,0.49
16:07:46.604,0.48
16:07:46.918,0.46
16:07:47.232,2.24
16:07:47.546,0.46
16:07:47.860,0.48
16:07:48.174,0.45
16:07:48.488,0.45
16:07:48.802,0.43
16:07:49.116,0.42
16:07:49.430,0.44
16:07:49.744,0.43
16:07:50.058,16.9
16:07:50.372,1.14
16:07:50.686,17.38
16:07:51.000,23.71
16:07:51.314,4.24
16:07:51.628,10.65
16:07:51.942,13.53
16:07:52.256,36.81
16:07:52.570,36.98
16:07:52.884,40.59
16:07:53.198,39.87
16:07:53.512,40.15
16:07:53.826,4.35
16:07:54.140,0.74
16:07:54.454,0.77
16:07:54.768,0.78
16:07:55.082,0.78
16:07:55.396,0.76
16:07:55.710,0.77
16:07:56.024,19.54
16:07:56.338,0.74
16:07:56.652,0.77
16:07:56.966,0.79
16:07:57.280,0.76
16:07:57.594,0.74
16:07:57.908,0.76
16:07:58.222,0.74
16:07:58.536,0.76
16:07:58.850,0.75
16:07:59.164,0.74
16:07:59.478,0.75
16:07:59.792,0.75
16:08:00.106,0.73
16:08:00.420,6.05
16:08:00.734,0.43
16:08:01.048,0.73
16:08:01.362,6.2
16:08:01.676,0.74
16:08:01.990,0.74
16:08:02.304,0.75
16:08:02.618,3.13
16:08:02.932,17.41
16:08:03.246,7.48
16:08:03.560,18.11
16:08:03.874,32.44
16:08:04.188,37.31
16:08:04.502,34.83
16:08:04.816,38.95
16:08:05.130,38.48
16:08:05.444,38.72
16:08:05.758,40.15
16:08:06.072,37.03
16:08:06.386,35.29
16:08:06.700,39.18
16:08:07.014,39.21
16:08:07.328,25.92
16:08:07.642,0.63
16:08:07.956,0.85
16:08:08.270,0.83
16:08:08.584,0.83
16:08:08.898,0.82
16:08:09.212,0.82
16:08:09.526,0.82
16:08:09.840,12.98
16:08:10.154,11.21
16:08:10.468,0.84
16:08:10.782,0.82
16:08:11.096,0.82
16:08:11.410,0.81
16:08:11.724,0.87
16:08:12.038,0.87
16:08:12.352,0.84
16:08:12.666,0.82
16:08:12.980,0.83
16:08:13.294,0.83
16:08:13.608,0.81
16:08:13.922,0.83
16:08:14.236,0.84
16:08:14.550,0.82
16:08:14.864,0.83
16:08:15.178,0.83
16:08:15.492,0.84
16:08:15.806,0.83
16:08:16.120,0.85
16:08:16.434,0.84
16:08:16.748,0.85
16:08:17.062,0.82
16:08:17.376,0.83
16:08:17.690,0.85
16:08:18.004,0.81
16:08:18.318,0.82
16:08:18.632,0.77
16:08:18.946,0.78
16:08:19.260,0.74
16:08:19.574,0.71
16:08:19.888,0.69
16:08:20.202,0.66
16:08:20.516,0.68
16:08:20.830,0.72
16:08:21.144,0.75
16:08:21.458,0.74
16:08:21.772,0.7
16:08:22.086,0.65
16:08:22.400,0.6
16:08:22.714,0.64
16:08:23.028,0.78
16:08:23.342,8.4
16:08:23.656,6.87
16:08:23.970,4.12
16:08:24.284,0.07
16:08:24.598,8.21
16:08:24.912,0.51
16:08:25.226,9.7
16:08:25.540,0.78
16:08:25.854,0.79
16:08:26.168,10.07
16:08:26.482,0.83
16:08:26.796,12.2
16:08:27.110,0.79
16:08:27.424,6.42
16:08:27.738,0.81
16:08:28.052,0.79
16:08:28.366,0.79
16:08:28.680,1.19
16:08:28.994,1.14
16:08:29.308,1.22
16:08:29.622,1.21
16:08:29.936,0.9
16:08:30.250,0.81
16:08:30.564,21.32
16:08:30.878,28.21
16:08:31.192,32.75
16:08:31.506,35.7
16:08:31.820,41.1
16:08:32.134,38.23
16:08:32.448,37.46
16:08:32.762,39.38
16:08:33.076,40.11
16:08:33.390,40.13
16:08:33.704,47.18
16:08:34.018,41.58
16:08:34.332,37.12
16:08:34.646,32.87
16:08:34.960,20.73
16:08:35.274,11.59
16:08:35.588,10.89
16:08:35.902,5.49
16:08:36.216,0.85
16:08:36.530,0.87
16:08:36.844,0.85
16:08:37.158,0.88
16:08:37.472,0.94
16:08:37.786,0.92
16:08:38.100,0.92
16:08:38.414,0.92
16:08:38.728,0.92
16:08:39.042,0.95
16:08:39.356,0.97
16:08:39.670,6.73
16:08:39.984,4.83
16:08:40.298,17.41
16:08:40.612,24.81
16:08:40.926,18.75
16:08:41.240,23.44
16:08:41.554,23.56
16:08:41.868,23.93
16:08:42.182,15.74
16:08:42.496,32.35
16:08:42.810,4.16
16:08:43.124,6.64
16:08:43.438,17.16
16:08:43.752,3.94
16:08:44.066,12.03
16:08:44.380,7.0
16:08:44.694,1.7
16:08:45.008,3.93
16:08:45.322,9.74
16:08:45.636,10.76
16:08:45.950,6.52
16:08:46.264,3.8
16:08:46.578,0.12
16:08:46.892,10.97
16:08:47.206,9.7
16:08:47.520,11.31
16:08:47.834,7.15
16:08:48.148,11.52
16:08:48.462,4.07
16:08:48.776,5.4
16:08:49.090,0.29
16:08:49.404,2.86
16:08:49.718,4.42
16:08:50.032,7.23
16:08:50.346,0.78
16:08:50.660,1.26
16:08:50.974,1.25
16:08:51.288,1.25
16:08:51.602,1.26
16:08:51.916,1.29
16:08:52.230,1.27
16:08:52.544,1.18
16:08:52.858,0.98
16:08:53.172,1.3
16:08:53.486,1.28
16:08:53.800,1.28
16:08:54.114,1.3
16:08:54.428,1.14
16:08:54.742,1.02
16:08:55.056,0.94
16:08:55.370,0.88
16:08:55.684,4.3
16:08:55.998,7.03
16:08:56.312,11.39
16:08:56.626,0.58
16:08:56.940,3.66
16:08:57.254,8.54
16:08:57.568,8.75
16:08:57.882,2.84
16:08:58.196,3.03
16:08:58.510,4.17
16:08:58.824,0.22
16:08:59.138,3.41
16:08:59.452,0.57
16:08:59.766,2.74
16:09:00.080,0.25
16:09:00.394,0.73
16:09:00.708,0.76
16:09:01.022,0.79
16:09:01.336,9.37
16:09:01.650,15.06
16:09:01.964,22.89
16:09:02.278,33.97
16:09:02.592,40.65
16:09:02.906,37.85
16:09:03.220,39.24
16:09:03.534,37.12
16:09:03.848,33.79
16:09:04.162,37.64
16:09:04.476,35.07
16:09:04.790,33.67
16:09:05.104,36.53
16:09:05.418,36.4
16:09:05.732,37.53
16:09:06.046,30.31
16:09:06.360,10.5
16:09:06.674,2.13
16:09:06.988,0.88
16:09:07.302,0.86
16:09:07.616,0.87
16:09:07.930,0.84
16:09:08.244,0.85
16:09:08.558,0.84
16:09:08.872,0.8
16:09:09.186,0.8
16:09:09.500,0.79
16:09:09.814,0.83
16:09:10.128,13.9
16:09:10.442,0.72
16:09:10.756,1.52
16:09:11.070,0.9
16:09:11.384,1.43
16:09:11.698,0.85
16:09:12.012,0.71
16:09:12.326,2.26
16:09:12.640,7.86
16:09:12.954,0.11
16:09:13.268,7.59
16:09:13.582,3.41
16:09:13.896,4.13
16:09:14.210,2.5
16:09:14.524,3.0
16:09:14.838,0.64
16:09:15.152,9.73
16:09:15.466,8.41
16:09:15.780,6.33
16:09:16.094,4.69
16:09:16.408,1.76
16:09:16.722,13.1
16:09:17.036,16.09
16:09:17.350,31.7
16:09:17.664,36.46
16:09:17.978,37.66
16:09:18.292,32.38
16:09:18.606,41.8
16:09:18.920,40.18
16:09:19.234,36.78
16:09:19.548,40.39
16:09:19.862,41.82
16:09:20.176,41.1
16:09:20.490,39.19
16:09:20.804,39.43
16:09:21.118,37.49
16:09:21.432,17.71
16:09:21.746,0.74
16:09:22.060,0.85
16:09:22.374,0.92
16:09:22.688,0.91
16:09:23.002,0.85
16:09:23.316,7.15
16:09:23.630,0.84
16:09:23.944,2.91
16:09:24.258,0.51
16:09:24.572,3.99
16:09:24.886,0.71
16:09:25.200,0.69
16:09:25.514,9.32
16:09:25.828,6.39
16:09:26.142,3.52
16:09:26.456,28.55
16:09:26.770,35.23
16:09:27.084,25.97
16:09:27.398,31.46
16:09:27.712,13.42
16:09:28.026,18.38
16:09:28.340,7.8
16:09:28.654,24.31
16:09:28.968,0.5
16:09:29.282,13.45
16:09:29.596,0.54
16:09:29.910,0.52
16:09:30.224,0.54
16:09:30.538,0.55
16:09:30.852,0.56
16:09:31.166,0.55
16:09:31.480,1.35
16:09:31.794,21.53
16:09:32.108,19.02
16:09:32.422,18.86
16:09:32.736,18.35
16:09:33.050,2.49
16:09:33.364,0.58
16:09:33.678,0.58
16:09:33.992,0.57
16:09:34.306,0.56
16:09:34.620,0.55
16:09:34.934,0.56
16:09:35.248,0.55
16:09:35.562,0.58
16:09:35.876,2.53
16:09:36.190,14.25
16:09:36.504,24.95
16:09:36.818,29.4
16:09:37.132,31.92
16:09:37.446,37.73
16:09:37.760,41.58
16:09:38.074,39.64
16:09:38.388,39.14
16:09:38.702,35.13
16:09:39.016,41.82
16:09:39.330,38.93
16:09:39.644,43.22
16:09:39.958,42.28
16:09:40.272,42.05
16:09:40.586,34.5
16:09:40.900,31.74
16:09:41.214,9.51
16:09:41.528,2.71
16:09:41.842,3.22
16:09:42.156,0.8
16:09:42.470,2.08
16:09:42.784,0.79
16:09:43.098,1.49
16:09:43.412,5.97
16:09:43.726,4.36
16:09:44.040,0.31
16:09:44.354,5.01
16:09:44.668,9.83
16:09:44.982,0.78
16:09:45.296,5.3
16:09:45.610,8.57
16:09:45.924,3.69
16:09:46.238,1.43
16:09:46.552,10.36
16:09:46.866,0.78
16:09:47.180,0.81
16:09:47.494,5.52
16:09:47.808,1.19
16:09:48.122,6.47
16:09:48.436,8.45
16:09:48.750,9.43
16:09:49.064,16.85
16:09:49.378,9.83
16:09:49.692,7.45
16:09:50.006,0.82
16:09:50.320,0.27
16:09:50.634,0.84
16:09:50.948,10.92
16:09:51.262,3.81
16:09:51.576,0.86
16:09:51.890,7.88
16:09:52.204,8.69
16:09:52.518,25.54
16:09:52.832,23.35
16:09:53.146,30.01
16:09:53.460,24.08
16:09:53.774,23.16
16:09:54.088,20.17
16:09:54.402,24.72
16:09:54.716,20.59
16:09:55.030,22.26
16:09:55.344,20.23
16:09:55.658,18.47
16:09:55.972,20.97
16:09:56.286,23.67
16:09:56.600,23.26
16:09:56.914,21.88
16:09:57.228,22.78
16:09:57.542,19.88
16:09:57.856,19.55
16:09:58.170,20.61
16:09:58.484,19.2
16:09:58.798,22.89
16:09:59.112,29.48
16:09:59.426,33.78
16:09:59.740,33.65
16:10:00.054,33.24
16:10:00.368,33.84
16:10:00.682,32.7
16:10:00.996,34.44
16:10:01.310,35.9
16:10:01.624,38.8
16:10:01.938,32.27
16:10:02.252,30.06
16:10:02.566,35.14
16:10:02.880,37.13
16:10:03.194,36.8
16:10:03.508,35.4
16:10:03.822,33.24
16:10:04.136,34.9
16:10:04.450,33.8
16:10:04.764,35.35
16:10:05.078,35.92
16:10:05.392,35.41
16:10:05.706,33.4
16:10:06.020,32.94
16:10:06.334,35.1
16:10:06.648,35.67
16:10:06.962,34.2
16:10:07.276,33.63
16:10:07.590,32.53
16:10:07.904,35.91
16:10:08.218,34.93
16:10:08.532,36.78
16:10:08.846,32.89
16:10:09.160,34.9
16:10:09.474,35.58
16:10:09.788,36.59
16:10:10.102,33.21
16:10:10.416,30.46
16:10:10.730,34.93
16:10:11.044,35.62
16:10:11.358,35.58
16:10:11.672,34.04
16:10:11.986,32.93
16:10:12.300,37.54
16:10:12.614,34.89
16:10:12.928,34.7
16:10:13.242,38.76
16:10:13.556,34.63
16:10:13.870,35.39
16:10:14.184,31.94
16:10:14.498,34.61
16:10:14.812,36.55
16:10:15.126,37.28
16:10:15.440,35.33
16:10:15.754,33.08
16:10:16.068,32.17
16:10:16.382,36.28
16:10:16.696,35.03
16:10:17.010,34.7
16:10:17.324,39.38
16:10:17.638,39.12
16:10:17.952,0.66
16:10:18.266,0.71
16:10:18.580,0.72
16:10:18.894,0.74
16:10:19.208,0.74
16:10:19.522,0.72
16:10:19.836,0.73
16:10:20.150,0.74
16:10:20.464,0.72
16:10:20.778,0.76
16:10:21.092,0.71
16:10:21.406,15.43
16:10:21.720,11.34
16:10:22.034,6.02
16:10:22.348,1.27
16:10:22.662,0.66
16:10:22.976,20.57
16:10:23.290,0.77
16:10:23.604,0.84
16:10:23.918,0.85
16:10:24.232,0.87
16:10:24.546,0.83
16:10:24.860,0.82
16:10:25.174,0.82
16:10:25.488,0.8
16:10:25.802,0.81
16:10:26.116,0.78
16:10:26.430,0.77
16:10:26.744,0.7
16:10:27.058,0.73
16:10:27.372,0.75
16:10:27.686,0.78
16:10:28.000,0.75
16:10:28.314,0.75
16:10:28.628,0.72
16:10:28.942,0.75
16:10:29.256,0.76
16:10:29.570,0.73
16:10:29.884,0.75
16:10:30.198,0.75
16:10:30.512,0.72
16:10:30.826,0.74
16:10:31.140,0.73
16:10:31.454,0.74
16:10:31.768,0.74
16:10:32.082,0.75
16:10:32.396,0.73
16:10:32.710,0.75
16:10:33.024,0.73
16:10:33.338,0.73
16:10:33.652,0.76
16:10:33.966,0.73
16:10:34.280,0.73
16:10:34.594,0.72
16:10:34.908,0.73
16:10:35.222,0.76
16:10:35.536,0.75
16:10:35.850,0.75
16:10:36.164,0.73
16:10:36.478,0.7
16:10:36.792,0.72
16:10:37.106,0.71
16:10:37.420,12.66
16:10:37.734,0.73
16:10:38.048,0.69
16:10:38.362,0.72
16:10:38.676,0.7
16:10:38.990,0.73
16:10:39.304,0.74
16:10:39.618,0.74
16:10:39.932,0.73
16:10:40.246,0.72
16:10:40.560,0.73
16:10:40.874,0.75
16:10:41.188,0.76
16:10:41.502,0.77
16:10:41.816,0.72
16:10:42.130,0.76
16:10:42.444,0.76
16:10:42.758,0.73
16:10:43.072,0.75
16:10:43.386,0.73
16:10:43.700,0.75
16:10:44.014,0.75
16:10:44.328,0.73
16:10:44.642,0.71
16:10:44.956,0.75
16:10:45.270,0.71
16:10:45.584,0.74
16:10:45.898,0.74
16:10:46.212,0.73
16:10:46.526,0.72
16:10:46.840,0.72
16:10:47.154,0.72
16:10:47.468,0.73
16:10:47.782,7.85
16:10:48.096,7.57
16:10:48.410,9.51
16:10:48.724,22.42
16:10:49.038,26.34
16:10:49.352,20.38
16:10:49.666,14.34
16:10:49.980,20.48
16:10:50.294,0.37
16:10:50.608,1.1
16:10:50.922,1.18
16:10:51.236,1.19
16:10:51.550,1.14
16:10:51.864,1.1
16:10:52.178,1.16
16:10:52.492,1.06
16:10:52.806,0.93
16:10:53.120,0.92
16:10:53.434,6.19
16:10:53.748,14.8
16:10:54.062,19.98
16:10:54.376,27.04
16:10:54.690,30.04
16:10:55.004,28.19
16:10:55.318,21.51
16:10:55.632,0.05
16:10:55.946,0.99
16:10:56.260,0.98
16:10:56.574,0.96
16:10:56.888,0.92
16:10:57.202,0.88
16:10:57.516,0.91
16:10:57.830,0.91
16:10:58.144,0.9
16:10:58.458,0.89
16:10:58.772,0.91
16:10:59.086,0.98
16:10:59.400,1.01
